Metadata	Df	SumOfSqs	R2	F	Pr(>F)	value
seq_len_avg	1	101.732476177251	0.0262726240022662	4.69478082113971	0.003	**
Site_code	7	437.587458816131	0.113007873253302	3.05773737791646	0.001	***
Time_period	2	115.654179993418	0.0298679330282237	2.66311805771481	0.007	**
No_reads_total	1	49.1236696846836	0.012686290078977	2.23577822073635	0.036	*
Anginosus	1	18.2013384349621	0.00475740539493027	0.822185201858743	0.541	ns
Sanguinis	1	17.6129989570436	0.00460362717602065	0.795486000679844	0.544	ns
gc_avg	1	13.485015113873	0.00348253325844917	0.608078444711232	0.776	ns
